{
  "project_info": {
    "project_number": "813735920283",
    "project_id": "usersdatabase-c138d",
    "storage_bucket": "usersdatabase-c138d.appspot.com"
  },
  "client": [
    {
      "client_info": {
        "mobilesdk_app_id": "1:813735920283:android:2d086e603e24bd002efc3e",
        "android_client_info": {
          "package_name": "com.example.mobile_app"
        }
      },
      "oauth_client": [
        {
          "client_id": "813735920283-ut70din5t8fmcornaaug9pdotef4plba.apps.googleusercontent.com",
          "client_type": 3
        }
      ],
      "api_key": [
        {
          "current_key": "AIzaSyCsTyzJKCm_Jutekr0n4RCbKaWz2o5WAH4"
        }
      ],
      "services": {
        "appinvite_service": {
          "other_platform_oauth_client": [
            {
              "client_id": "813735920283-ut70din5t8fmcornaaug9pdotef4plba.apps.googleusercontent.com",
              "client_type": 3
            }
          ]
        }
      }
    }
  ],
  "configuration_version": "1"
}